file,projection,node_id,x,y,invert_levels
V03_SUMN_PostEQ_ED2014_00p5AEP_00p5hr.PRF,,SUMN.Inlet.CCCGIS.13056,1580614.2163085938,1580614.2163085938,17.91699999998673
V05_20Te09h.PRF,,SUMN.Inlet.CCCGIS.13056,1580614.2163085938,1580614.2163085938,17.91699999998673
