file,projection,node_id,x,y,invert_level,max_water_level
V03_SUMN_PostEQ_ED2014_00p5AEP_03hr.PRF,,SUMN.Inlet.CCCGIS.13056,1580614.2163085938,1580614.2163085938,17.91699999998673,17.92088
V03_SUMN_PostEQ_ED2014_00p5AEP_12hr.PRF,,SUMN.Inlet.CCCGIS.13056,1580614.2163085938,1580614.2163085938,17.91699999998673,17.92089
V03_SUMN_PostEQ_ED2014_00p5AEP_06hr.PRF,,SUMN.Inlet.CCCGIS.13056,1580614.2163085938,1580614.2163085938,17.91699999998673,17.92089
V05_20Te09h.PRF,,SUMN.Inlet.CCCGIS.13056,1580614.2163085938,1580614.2163085938,17.91699999998673,17.92089
V03_SUMN_PostEQ_ED2014_00p5AEP_00p5hr.PRF,,SUMN.Access.CCCGIS.10936,1580845.4420776367,1580845.4420776367,8.30800000000454,61.15206
V03_SUMN_PostEQ_ED2014_05AEP_18hrT.PRF,,SUMN.Inlet.CCCGIS.13056,1580614.2163085938,1580614.2163085938,17.91699999998673,17.92089
